,iteration,value,metric
0,0,0.0,accuracy
1,0,1.443429708480835,loss
2,1,0.0,accuracy
3,1,1.4304146766662598,loss
4,2,0.125,accuracy
5,2,1.4178338050842285,loss
6,3,0.125,accuracy
7,3,1.4056236743927002,loss
8,4,0.25,accuracy
9,4,1.3943134546279907,loss
10,5,0.25,accuracy
11,5,1.3859777450561523,loss
12,6,0.25,accuracy
13,6,1.3783671855926514,loss
14,7,0.25,accuracy
15,7,1.3710408210754395,loss
16,8,0.25,accuracy
17,8,1.363959789276123,loss
18,9,0.25,accuracy
19,9,1.3570812940597534,loss
20,10,0.25,accuracy
21,10,1.3503432273864746,loss
22,11,0.25,accuracy
23,11,1.343774437904358,loss
24,12,0.25,accuracy
25,12,1.3374698162078857,loss
26,13,0.25,accuracy
27,13,1.3313210010528564,loss
28,14,0.25,accuracy
29,14,1.3250882625579834,loss
30,15,0.375,accuracy
31,15,1.31895112991333,loss
32,16,0.375,accuracy
33,16,1.3128961324691772,loss
34,17,0.375,accuracy
35,17,1.3069703578948975,loss
36,18,0.5,accuracy
37,18,1.3011009693145752,loss
38,19,0.625,accuracy
39,19,1.29534912109375,loss
40,20,0.625,accuracy
41,20,1.2898731231689453,loss
42,21,0.875,accuracy
43,21,1.284142017364502,loss
44,22,0.875,accuracy
45,22,1.278421401977539,loss
46,23,0.875,accuracy
47,23,1.2727272510528564,loss
48,24,0.875,accuracy
49,24,1.2670540809631348,loss
50,25,0.875,accuracy
51,25,1.261396050453186,loss
52,26,0.875,accuracy
53,26,1.2558224201202393,loss
54,27,0.875,accuracy
55,27,1.2504247426986694,loss
56,28,0.875,accuracy
57,28,1.244748592376709,loss
58,29,0.875,accuracy
59,29,1.2390620708465576,loss
60,30,0.875,accuracy
61,30,1.2333680391311646,loss
62,31,0.875,accuracy
63,31,1.2276666164398193,loss
64,32,0.875,accuracy
65,32,1.2219549417495728,loss
66,33,0.875,accuracy
67,33,1.2162303924560547,loss
68,34,0.875,accuracy
69,34,1.2103567123413086,loss
70,35,0.875,accuracy
71,35,1.2035012245178223,loss
72,36,0.875,accuracy
73,36,1.1967371702194214,loss
74,37,0.875,accuracy
75,37,1.1897835731506348,loss
76,38,0.75,accuracy
77,38,1.1828252077102661,loss
78,39,0.75,accuracy
79,39,1.1758601665496826,loss
80,40,0.75,accuracy
81,40,1.168886661529541,loss
82,41,0.75,accuracy
83,41,1.161902904510498,loss
84,42,0.75,accuracy
85,42,1.1549075841903687,loss
86,43,0.75,accuracy
87,43,1.1479272842407227,loss
88,44,0.75,accuracy
89,44,1.1409597396850586,loss
90,45,0.75,accuracy
91,45,1.1339744329452515,loss
92,46,0.75,accuracy
93,46,1.1269713640213013,loss
94,47,0.75,accuracy
95,47,1.1199496984481812,loss
96,48,0.75,accuracy
97,48,1.1129094362258911,loss
98,49,0.75,accuracy
99,49,1.1058499813079834,loss
100,50,0.75,accuracy
101,50,1.0987718105316162,loss
102,51,0.75,accuracy
103,51,1.0916742086410522,loss
104,52,0.75,accuracy
105,52,1.0845578908920288,loss
106,53,0.75,accuracy
107,53,1.0774229764938354,loss
108,54,0.75,accuracy
109,54,1.0702693462371826,loss
110,55,0.75,accuracy
111,55,1.0630979537963867,loss
112,56,0.75,accuracy
113,56,1.0559091567993164,loss
114,57,0.75,accuracy
115,57,1.0487034320831299,loss
116,58,0.75,accuracy
117,58,1.0414825677871704,loss
118,59,0.75,accuracy
119,59,1.034258246421814,loss
120,60,0.75,accuracy
121,60,1.0270192623138428,loss
122,61,0.75,accuracy
123,61,1.0197654962539673,loss
124,62,0.75,accuracy
125,62,1.0127249956130981,loss
126,63,0.75,accuracy
127,63,1.005658507347107,loss
128,64,0.75,accuracy
129,64,0.9986438751220703,loss
130,65,0.75,accuracy
131,65,0.9916062951087952,loss
132,66,0.75,accuracy
133,66,0.9844581484794617,loss
134,67,0.75,accuracy
135,67,0.9773460626602173,loss
136,68,0.75,accuracy
137,68,0.9702710509300232,loss
138,69,0.75,accuracy
139,69,0.9630464315414429,loss
140,70,0.75,accuracy
141,70,0.9559011459350586,loss
142,71,0.75,accuracy
143,71,0.948742687702179,loss
144,72,0.75,accuracy
145,72,0.9414502382278442,loss
146,73,0.75,accuracy
147,73,0.9343447089195251,loss
148,74,0.75,accuracy
149,74,0.9270487427711487,loss
150,75,0.75,accuracy
151,75,0.9198181629180908,loss
152,76,0.75,accuracy
153,76,0.9126031398773193,loss
154,77,0.75,accuracy
155,77,0.9052868485450745,loss
156,78,0.75,accuracy
157,78,0.8981239199638367,loss
158,79,0.75,accuracy
159,79,0.8907630443572998,loss
160,80,0.75,accuracy
161,80,0.8836216330528259,loss
162,81,0.75,accuracy
163,81,0.8762543797492981,loss
164,82,0.75,accuracy
165,82,0.8691046833992004,loss
166,83,0.75,accuracy
167,83,0.8617720603942871,loss
168,84,0.75,accuracy
169,84,0.8545837998390198,loss
170,85,0.75,accuracy
171,85,0.847325325012207,loss
172,86,0.875,accuracy
173,86,0.840069055557251,loss
174,87,0.875,accuracy
175,87,0.8329238891601562,loss
176,88,0.875,accuracy
177,88,0.8256095051765442,loss
178,89,0.875,accuracy
179,89,0.8185375332832336,loss
180,90,0.875,accuracy
181,90,0.8113090991973877,loss
182,91,0.875,accuracy
183,91,0.8040771484375,loss
184,92,0.875,accuracy
185,92,0.797069787979126,loss
186,93,0.875,accuracy
187,93,0.789861261844635,loss
188,94,0.875,accuracy
189,94,0.7826946377754211,loss
190,95,0.875,accuracy
191,95,0.7757453918457031,loss
192,96,0.875,accuracy
193,96,0.7686124444007874,loss
194,97,0.875,accuracy
195,97,0.7615147233009338,loss
196,98,0.875,accuracy
197,98,0.7545509338378906,loss
198,99,0.875,accuracy
199,99,0.747590184211731,loss
200,100,0.875,accuracy
201,100,0.740829348564148,loss
202,101,0.875,accuracy
203,101,0.7340436577796936,loss
204,102,0.875,accuracy
205,102,0.727106511592865,loss
206,103,0.875,accuracy
207,103,0.720255970954895,loss
208,104,0.875,accuracy
209,104,0.7134018540382385,loss
210,105,0.875,accuracy
211,105,0.7069941163063049,loss
212,106,0.875,accuracy
213,106,0.700072169303894,loss
214,107,0.875,accuracy
215,107,0.6933314800262451,loss
216,108,0.875,accuracy
217,108,0.6868293285369873,loss
218,109,0.875,accuracy
219,109,0.6803426146507263,loss
220,110,0.875,accuracy
221,110,0.6735183000564575,loss
222,111,0.875,accuracy
223,111,0.6669777035713196,loss
224,112,0.875,accuracy
225,112,0.6606901288032532,loss
226,113,0.875,accuracy
227,113,0.6540567278862,loss
228,114,0.875,accuracy
229,114,0.6476393342018127,loss
230,115,0.875,accuracy
231,115,0.6414064764976501,loss
232,116,0.875,accuracy
233,116,0.6347370147705078,loss
234,117,0.875,accuracy
235,117,0.6286260485649109,loss
236,118,0.875,accuracy
237,118,0.6222649812698364,loss
238,119,0.875,accuracy
239,119,0.6158034205436707,loss
240,120,0.875,accuracy
241,120,0.6099065542221069,loss
242,121,0.875,accuracy
243,121,0.6034017205238342,loss
244,122,0.875,accuracy
245,122,0.597494900226593,loss
246,123,0.875,accuracy
247,123,0.5912923216819763,loss
248,124,0.875,accuracy
249,124,0.5851512551307678,loss
250,125,1.0,accuracy
251,125,0.5792280435562134,loss
252,126,1.0,accuracy
253,126,0.573020339012146,loss
254,127,1.0,accuracy
255,127,0.5672946572303772,loss
256,128,1.0,accuracy
257,128,0.5610865354537964,loss
258,129,1.0,accuracy
259,129,0.5554977059364319,loss
260,130,1.0,accuracy
261,130,0.5493403077125549,loss
262,131,1.0,accuracy
263,131,0.5438429117202759,loss
264,132,1.0,accuracy
265,132,0.537775993347168,loss
266,133,1.0,accuracy
267,133,0.5323358178138733,loss
268,134,1.0,accuracy
269,134,0.5263907313346863,loss
270,135,1.0,accuracy
271,135,0.5209812521934509,loss
272,136,1.0,accuracy
273,136,0.5151827931404114,loss
274,137,1.0,accuracy
275,137,0.5097841024398804,loss
276,138,1.0,accuracy
277,138,0.5041523575782776,loss
278,139,1.0,accuracy
279,139,0.4987486004829407,loss
280,140,1.0,accuracy
281,140,0.4932995140552521,loss
282,141,1.0,accuracy
283,141,0.48787885904312134,loss
284,142,1.0,accuracy
285,142,0.48262539505958557,loss
286,143,1.0,accuracy
287,143,0.47717827558517456,loss
288,144,1.0,accuracy
289,144,0.47213101387023926,loss
290,145,1.0,accuracy
291,145,0.466714084148407,loss
292,146,1.0,accuracy
293,146,0.4617578685283661,loss
294,147,1.0,accuracy
295,147,0.45654603838920593,loss
296,148,1.0,accuracy
297,148,0.45144325494766235,loss
298,149,1.0,accuracy
299,149,0.44654548168182373,loss
300,150,1.0,accuracy
301,150,0.4414110779762268,loss
302,151,1.0,accuracy
303,151,0.43663257360458374,loss
304,152,1.0,accuracy
305,152,0.4317159056663513,loss
306,153,1.0,accuracy
307,153,0.4267561435699463,loss
308,154,1.0,accuracy
309,154,0.422180712223053,loss
310,155,1.0,accuracy
311,155,0.4173513650894165,loss
312,156,1.0,accuracy
313,156,0.41255587339401245,loss
314,157,1.0,accuracy
315,157,0.4081077575683594,loss
316,158,1.0,accuracy
317,158,0.40343546867370605,loss
318,159,1.0,accuracy
319,159,0.39879855513572693,loss
320,160,1.0,accuracy
321,160,0.3944272994995117,loss
322,161,1.0,accuracy
323,161,0.3899589478969574,loss
324,162,1.0,accuracy
325,162,0.3854767680168152,loss
326,163,1.0,accuracy
327,163,0.3811475932598114,loss
328,164,1.0,accuracy
329,164,0.37691524624824524,loss
330,165,1.0,accuracy
331,165,0.3725849390029907,loss
332,166,1.0,accuracy
333,166,0.36832115054130554,loss
334,167,1.0,accuracy
335,167,0.36424320936203003,loss
336,168,1.0,accuracy
337,168,0.3601363003253937,loss
338,169,1.0,accuracy
339,169,0.3560137450695038,loss
340,170,1.0,accuracy
341,170,0.3519524335861206,loss
342,171,1.0,accuracy
343,171,0.34801313281059265,loss
344,172,1.0,accuracy
345,172,0.3441319167613983,loss
346,173,1.0,accuracy
347,173,0.3402063250541687,loss
348,174,1.0,accuracy
349,174,0.33633822202682495,loss
350,175,1.0,accuracy
351,175,0.3325243890285492,loss
352,176,1.0,accuracy
353,176,0.3288097083568573,loss
354,177,1.0,accuracy
355,177,0.32514888048171997,loss
356,178,1.0,accuracy
357,178,0.32146328687667847,loss
358,179,1.0,accuracy
359,179,0.31783047318458557,loss
360,180,1.0,accuracy
361,180,0.31424790620803833,loss
362,181,1.0,accuracy
363,181,0.31071382761001587,loss
364,182,1.0,accuracy
365,182,0.3072267174720764,loss
366,183,1.0,accuracy
367,183,0.30383190512657166,loss
368,184,1.0,accuracy
369,184,0.3004467487335205,loss
370,185,1.0,accuracy
371,185,0.29707926511764526,loss
372,186,1.0,accuracy
373,186,0.2937585115432739,loss
374,187,1.0,accuracy
375,187,0.2904830574989319,loss
376,188,1.0,accuracy
377,188,0.2872515320777893,loss
378,189,1.0,accuracy
379,189,0.284062922000885,loss
380,190,1.0,accuracy
381,190,0.2809164226055145,loss
382,191,1.0,accuracy
383,191,0.2778112590312958,loss
384,192,1.0,accuracy
385,192,0.2747468054294586,loss
386,193,1.0,accuracy
387,193,0.27172234654426575,loss
388,194,1.0,accuracy
389,194,0.26873740553855896,loss
390,195,1.0,accuracy
391,195,0.2657913565635681,loss
392,196,1.0,accuracy
393,196,0.2628837525844574,loss
394,197,1.0,accuracy
395,197,0.2600141167640686,loss
396,198,1.0,accuracy
397,198,0.2571818232536316,loss
398,199,1.0,accuracy
399,199,0.2543865144252777,loss
400,200,1.0,accuracy
401,200,0.25162771344184875,loss
402,201,1.0,accuracy
403,201,0.24890492856502533,loss
404,202,1.0,accuracy
405,202,0.2462177276611328,loss
406,203,1.0,accuracy
407,203,0.24356570839881897,loss
408,204,1.0,accuracy
409,204,0.24094831943511963,loss
410,205,1.0,accuracy
411,205,0.23836520314216614,loss
412,206,1.0,accuracy
413,206,0.23581597208976746,loss
414,207,1.0,accuracy
415,207,0.2333001047372818,loss
416,208,1.0,accuracy
417,208,0.23081724345684052,loss
418,209,1.0,accuracy
419,209,0.2283669412136078,loss
420,210,1.0,accuracy
421,210,0.2259487509727478,loss
422,211,1.0,accuracy
423,211,0.2235623300075531,loss
424,212,1.0,accuracy
425,212,0.22120726108551025,loss
426,213,1.0,accuracy
427,213,0.21888317167758942,loss
428,214,1.0,accuracy
429,214,0.21658951044082642,loss
430,215,1.0,accuracy
431,215,0.21432611346244812,loss
432,216,1.0,accuracy
433,216,0.21209244430065155,loss
434,217,1.0,accuracy
435,217,0.20988808572292328,loss
436,218,1.0,accuracy
437,218,0.2077127993106842,loss
438,219,1.0,accuracy
439,219,0.20556610822677612,loss
440,220,1.0,accuracy
441,220,0.2034476101398468,loss
442,221,1.0,accuracy
443,221,0.20135703682899475,loss
444,222,1.0,accuracy
445,222,0.19929395616054535,loss
446,223,1.0,accuracy
447,223,0.19725796580314636,loss
448,224,1.0,accuracy
449,224,0.1952487826347351,loss
450,225,1.0,accuracy
451,225,0.19326606392860413,loss
452,226,1.0,accuracy
453,226,0.19130939245224,loss
454,227,1.0,accuracy
455,227,0.18937841057777405,loss
456,228,1.0,accuracy
457,228,0.1874728500843048,loss
458,229,1.0,accuracy
459,229,0.185592383146286,loss
460,230,1.0,accuracy
461,230,0.1837366223335266,loss
462,231,1.0,accuracy
463,231,0.18190516531467438,loss
464,232,1.0,accuracy
465,232,0.1800978183746338,loss
466,233,1.0,accuracy
467,233,0.17831416428089142,loss
468,234,1.0,accuracy
469,234,0.17655393481254578,loss
470,235,1.0,accuracy
471,235,0.1748167872428894,loss
472,236,1.0,accuracy
473,236,0.1731024533510208,loss
474,237,1.0,accuracy
475,237,0.17144407331943512,loss
476,238,1.0,accuracy
477,238,0.169928640127182,loss
478,239,1.0,accuracy
479,239,0.1682761162519455,loss
480,240,1.0,accuracy
481,240,0.1668291985988617,loss
482,241,1.0,accuracy
483,241,0.16523495316505432,loss
484,242,1.0,accuracy
485,242,0.16380348801612854,loss
486,243,1.0,accuracy
487,243,0.162277489900589,loss
488,244,1.0,accuracy
489,244,0.16088038682937622,loss
490,245,1.0,accuracy
491,245,0.1593974232673645,loss
492,246,1.0,accuracy
493,246,0.15805071592330933,loss
494,247,1.0,accuracy
495,247,0.15659062564373016,loss
496,248,1.0,accuracy
497,248,0.15530745685100555,loss
498,249,1.0,accuracy
499,249,0.15386724472045898,loss
500,250,1.0,accuracy
501,250,0.15263541042804718,loss
502,251,1.0,accuracy
503,251,0.1512550413608551,loss
504,252,1.0,accuracy
505,252,0.14999528229236603,loss
506,253,1.0,accuracy
507,253,0.14871510863304138,loss
508,254,1.0,accuracy
509,254,0.14741989970207214,loss
510,255,1.0,accuracy
511,255,0.14624440670013428,loss
512,256,1.0,accuracy
513,256,0.1449444591999054,loss
514,257,1.0,accuracy
515,257,0.14380519092082977,loss
516,258,1.0,accuracy
517,258,0.14258144795894623,loss
518,259,1.0,accuracy
519,259,0.14137712121009827,loss
520,260,1.0,accuracy
521,260,0.1402796357870102,loss
522,261,1.0,accuracy
523,261,0.13906697928905487,loss
524,262,1.0,accuracy
525,262,0.13797979056835175,loss
526,263,1.0,accuracy
527,263,0.13686086237430573,loss
528,264,1.0,accuracy
529,264,0.1356978863477707,loss
530,265,1.0,accuracy
531,265,0.13470225036144257,loss
532,266,1.0,accuracy
533,266,0.13358083367347717,loss
534,267,1.0,accuracy
535,267,0.13248655200004578,loss
536,268,1.0,accuracy
537,268,0.13151538372039795,loss
538,269,1.0,accuracy
539,269,0.13042522966861725,loss
540,270,1.0,accuracy
541,270,0.1294010728597641,loss
542,271,1.0,accuracy
543,271,0.1284615844488144,loss
544,272,1.0,accuracy
545,272,0.12740139663219452,loss
546,273,1.0,accuracy
547,273,0.1264404058456421,loss
548,274,1.0,accuracy
549,274,0.12551267445087433,loss
550,275,1.0,accuracy
551,275,0.12449535727500916,loss
552,276,1.0,accuracy
553,276,0.12357600033283234,loss
554,277,1.0,accuracy
555,277,0.12267866730690002,loss
556,278,1.0,accuracy
557,278,0.1216987743973732,loss
558,279,1.0,accuracy
559,279,0.12080420553684235,loss
560,280,1.0,accuracy
561,280,0.11995134502649307,loss
562,281,1.0,accuracy
563,281,0.11900496482849121,loss
564,282,1.0,accuracy
565,282,0.11812442541122437,loss
566,283,1.0,accuracy
567,283,0.11730872094631195,loss
568,284,1.0,accuracy
569,284,0.11640844494104385,loss
570,285,1.0,accuracy
571,285,0.11553081125020981,loss
572,286,1.0,accuracy
573,286,0.11477236449718475,loss
574,287,1.0,accuracy
575,287,0.11390450596809387,loss
576,288,1.0,accuracy
577,288,0.11305610835552216,loss
578,289,1.0,accuracy
579,289,0.11229927837848663,loss
580,290,1.0,accuracy
581,290,0.11149583756923676,loss
582,291,1.0,accuracy
583,291,0.11066951602697372,loss
584,292,1.0,accuracy
585,292,0.10988304018974304,loss
586,293,1.0,accuracy
587,293,0.10916802287101746,loss
588,294,1.0,accuracy
589,294,0.10836370289325714,loss
590,295,1.0,accuracy
591,295,0.10757371783256531,loss
592,296,1.0,accuracy
593,296,0.10687718540430069,loss
594,297,1.0,accuracy
595,297,0.10613700747489929,loss
596,298,1.0,accuracy
597,298,0.10537548363208771,loss
598,299,1.0,accuracy
599,299,0.10464446991682053,loss
600,300,1.0,accuracy
601,300,0.1039838194847107,loss
602,301,1.0,accuracy
603,301,0.10325290262699127,loss
604,302,1.0,accuracy
605,302,0.10252612084150314,loss
606,303,1.0,accuracy
607,303,0.10186617821455002,loss
608,304,1.0,accuracy
609,304,0.10119470953941345,loss
610,305,1.0,accuracy
611,305,0.10048611462116241,loss
612,306,1.0,accuracy
613,306,0.0997886210680008,loss
614,307,1.0,accuracy
615,307,0.09920129925012589,loss
616,308,1.0,accuracy
617,308,0.09853965789079666,loss
618,309,1.0,accuracy
619,309,0.0978473648428917,loss
620,310,1.0,accuracy
621,310,0.09720651060342789,loss
622,311,1.0,accuracy
623,311,0.09662958979606628,loss
624,312,1.0,accuracy
625,312,0.09596411883831024,loss
626,313,1.0,accuracy
627,313,0.09531813114881516,loss
628,314,1.0,accuracy
629,314,0.09474039077758789,loss
630,315,1.0,accuracy
631,315,0.09415026009082794,loss
632,316,1.0,accuracy
633,316,0.09351850301027298,loss
634,317,1.0,accuracy
635,317,0.09289447218179703,loss
636,318,1.0,accuracy
637,318,0.09237058460712433,loss
638,319,1.0,accuracy
639,319,0.09177549928426743,loss
640,320,1.0,accuracy
641,320,0.09116962552070618,loss
642,321,1.0,accuracy
643,321,0.09058474749326706,loss
644,322,1.0,accuracy
645,322,0.09007828682661057,loss
646,323,1.0,accuracy
647,323,0.0894903689622879,loss
648,324,1.0,accuracy
649,324,0.08890948444604874,loss
650,325,1.0,accuracy
651,325,0.08838562667369843,loss
652,326,1.0,accuracy
653,326,0.08786291629076004,loss
654,327,1.0,accuracy
655,327,0.08729880303144455,loss
656,328,1.0,accuracy
657,328,0.08674125373363495,loss
658,329,1.0,accuracy
659,329,0.08626953512430191,loss
660,330,1.0,accuracy
661,330,0.08574186265468597,loss
662,331,1.0,accuracy
663,331,0.08519960939884186,loss
664,332,1.0,accuracy
665,332,0.08466358482837677,loss
666,333,1.0,accuracy
667,333,0.08421329408884048,loss
668,334,1.0,accuracy
669,334,0.0836983397603035,loss
670,335,1.0,accuracy
671,335,0.0831771194934845,loss
672,336,1.0,accuracy
673,336,0.08266721665859222,loss
674,337,1.0,accuracy
675,337,0.08223917335271835,loss
676,338,1.0,accuracy
677,338,0.08173227310180664,loss
678,339,1.0,accuracy
679,339,0.08123104274272919,loss
680,340,1.0,accuracy
681,340,0.08075680583715439,loss
682,341,1.0,accuracy
683,341,0.08033357560634613,loss
684,342,1.0,accuracy
685,342,0.07984547317028046,loss
686,343,1.0,accuracy
687,343,0.07936269789934158,loss
688,344,1.0,accuracy
689,344,0.07889898866415024,loss
690,345,1.0,accuracy
691,345,0.07849447429180145,loss
692,346,1.0,accuracy
693,346,0.0780244767665863,loss
694,347,1.0,accuracy
695,347,0.07755949348211288,loss
696,348,1.0,accuracy
697,348,0.07711941003799438,loss
698,349,1.0,accuracy
699,349,0.07672766596078873,loss
700,350,1.0,accuracy
701,350,0.07627446949481964,loss
702,351,1.0,accuracy
703,351,0.07582605630159378,loss
704,352,1.0,accuracy
705,352,0.07538804411888123,loss
706,353,1.0,accuracy
707,353,0.07502026855945587,loss
708,354,1.0,accuracy
709,354,0.07458335906267166,loss
710,355,1.0,accuracy
711,355,0.074150949716568,loss
712,356,1.0,accuracy
713,356,0.07372751086950302,loss
714,357,1.0,accuracy
715,357,0.07337800413370132,loss
716,358,1.0,accuracy
717,358,0.07295620441436768,loss
718,359,1.0,accuracy
719,359,0.07253871113061905,loss
720,360,1.0,accuracy
721,360,0.07212543487548828,loss
722,361,1.0,accuracy
723,361,0.07177676260471344,loss
724,362,1.0,accuracy
725,362,0.07138686627149582,loss
726,363,1.0,accuracy
727,363,0.07098349183797836,loss
728,364,1.0,accuracy
729,364,0.07058415561914444,loss
730,365,1.0,accuracy
731,365,0.07022484391927719,loss
732,366,1.0,accuracy
733,366,0.06986740231513977,loss
734,367,1.0,accuracy
735,367,0.06947774440050125,loss
736,368,1.0,accuracy
737,368,0.06909187883138657,loss
738,369,1.0,accuracy
739,369,0.06873387843370438,loss
740,370,1.0,accuracy
741,370,0.06839963048696518,loss
742,371,1.0,accuracy
743,371,0.06802299618721008,loss
744,372,1.0,accuracy
745,372,0.0676499605178833,loss
746,373,1.0,accuracy
747,373,0.06729242205619812,loss
748,374,1.0,accuracy
749,374,0.06698430329561234,loss
750,375,1.0,accuracy
751,375,0.06661985069513321,loss
752,376,1.0,accuracy
753,376,0.06625884026288986,loss
754,377,1.0,accuracy
755,377,0.06590130180120468,loss
756,378,1.0,accuracy
757,378,0.0655987560749054,loss
758,379,1.0,accuracy
759,379,0.06526345014572144,loss
760,380,1.0,accuracy
761,380,0.06491393595933914,loss
762,381,1.0,accuracy
763,381,0.06456762552261353,loss
764,382,1.0,accuracy
765,382,0.06424605846405029,loss
766,383,1.0,accuracy
767,383,0.0639474019408226,loss
768,384,1.0,accuracy
769,384,0.06360897421836853,loss
770,385,1.0,accuracy
771,385,0.06327366828918457,loss
772,386,1.0,accuracy
773,386,0.06294526159763336,loss
774,387,1.0,accuracy
775,387,0.06267338246107101,loss
776,388,1.0,accuracy
777,388,0.06234562397003174,loss
778,389,1.0,accuracy
779,389,0.06202081963419914,loss
780,390,1.0,accuracy
781,390,0.06170033663511276,loss
782,391,1.0,accuracy
783,391,0.061417870223522186,loss
784,392,1.0,accuracy
785,392,0.06112834811210632,loss
786,393,1.0,accuracy
787,393,0.06081322580575943,loss
788,394,1.0,accuracy
789,394,0.06050089746713638,loss
790,395,1.0,accuracy
791,395,0.06019674614071846,loss
792,396,1.0,accuracy
793,396,0.05994246155023575,loss
794,397,1.0,accuracy
795,397,0.059636980295181274,loss
796,398,1.0,accuracy
797,398,0.05933418497443199,loss
798,399,1.0,accuracy
799,399,0.05903396010398865,loss
800,400,1.0,accuracy
801,400,0.05878032371401787,loss
802,401,1.0,accuracy
803,401,0.058500032871961594,loss
804,402,1.0,accuracy
805,402,0.05820607766509056,loss
806,403,1.0,accuracy
807,403,0.05791470408439636,loss
808,404,1.0,accuracy
809,404,0.057636626064777374,loss
810,405,1.0,accuracy
811,405,0.05739418417215347,loss
812,406,1.0,accuracy
813,406,0.05710891634225845,loss
814,407,1.0,accuracy
815,407,0.05682612210512161,loss
816,408,1.0,accuracy
817,408,0.05654619261622429,loss
818,409,1.0,accuracy
819,409,0.05630432441830635,loss
820,410,1.0,accuracy
821,410,0.05604727193713188,loss
822,411,1.0,accuracy
823,411,0.055772509425878525,loss
824,412,1.0,accuracy
825,412,0.055500105023384094,loss
826,413,1.0,accuracy
827,413,0.05524229258298874,loss
828,414,1.0,accuracy
829,414,0.05501648038625717,loss
830,415,1.0,accuracy
831,415,0.054749470204114914,loss
832,416,1.0,accuracy
833,416,0.054484691470861435,loss
834,417,1.0,accuracy
835,417,0.054222144186496735,loss
836,418,1.0,accuracy
837,418,0.05399550870060921,loss
838,419,1.0,accuracy
839,419,0.0537562221288681,loss
840,420,1.0,accuracy
841,420,0.053498852998018265,loss
842,421,1.0,accuracy
843,421,0.053243525326251984,loss
844,422,1.0,accuracy
845,422,0.052992187440395355,loss
846,423,1.0,accuracy
847,423,0.05278856307268143,loss
848,424,1.0,accuracy
849,424,0.052538320422172546,loss
850,425,1.0,accuracy
851,425,0.05229012295603752,loss
852,426,1.0,accuracy
853,426,0.05204439163208008,loss
854,427,1.0,accuracy
855,427,0.05182289332151413,loss
856,428,1.0,accuracy
857,428,0.051607489585876465,loss
858,429,1.0,accuracy
859,429,0.05136600881814957,loss
860,430,1.0,accuracy
861,430,0.0511263944208622,loss
862,431,1.0,accuracy
863,431,0.05088961869478226,loss
864,432,1.0,accuracy
865,432,0.05069339647889137,loss
866,433,1.0,accuracy
867,433,0.050469815731048584,loss
868,434,1.0,accuracy
869,434,0.050236478447914124,loss
870,435,1.0,accuracy
871,435,0.050005026161670685,loss
872,436,1.0,accuracy
873,436,0.04978358373045921,loss
874,437,1.0,accuracy
875,437,0.04959331825375557,loss
876,438,1.0,accuracy
877,438,0.049366313964128494,loss
878,439,1.0,accuracy
879,439,0.0491410456597805,loss
880,440,1.0,accuracy
881,440,0.048917505890131,loss
882,441,1.0,accuracy
883,441,0.04872242733836174,loss
884,442,1.0,accuracy
885,442,0.04852193593978882,loss
886,443,1.0,accuracy
887,443,0.04830252751708031,loss
888,444,1.0,accuracy
889,444,0.04808477312326431,loss
890,445,1.0,accuracy
891,445,0.0478723868727684,loss
892,446,1.0,accuracy
893,446,0.04769992455840111,loss
894,447,1.0,accuracy
895,447,0.04748617485165596,loss
896,448,1.0,accuracy
897,448,0.047274015843868256,loss
898,449,1.0,accuracy
899,449,0.047063443809747696,loss
900,450,1.0,accuracy
901,450,0.04687468335032463,loss
902,451,1.0,accuracy
903,451,0.04669146612286568,loss
904,452,1.0,accuracy
905,452,0.04648468270897865,loss
906,453,1.0,accuracy
907,453,0.046279437839984894,loss
908,454,1.0,accuracy
909,454,0.04607594385743141,loss
910,455,1.0,accuracy
911,455,0.04590194299817085,loss
912,456,1.0,accuracy
913,456,0.04571600630879402,loss
914,457,1.0,accuracy
915,457,0.045515865087509155,loss
916,458,1.0,accuracy
917,458,0.045317232608795166,loss
918,459,1.0,accuracy
919,459,0.045126769691705704,loss
920,460,1.0,accuracy
921,460,0.044966842979192734,loss
922,461,1.0,accuracy
923,461,0.044771693646907806,loss
924,462,1.0,accuracy
925,462,0.044577959924936295,loss
926,463,1.0,accuracy
927,463,0.044385671615600586,loss
928,464,1.0,accuracy
929,464,0.044210486114025116,loss
930,465,1.0,accuracy
931,465,0.04404651001095772,loss
932,466,1.0,accuracy
933,466,0.043857499957084656,loss
934,467,1.0,accuracy
935,467,0.043669868260622025,loss
936,468,1.0,accuracy
937,468,0.043484464287757874,loss
938,469,1.0,accuracy
939,469,0.043328434228897095,loss
940,470,1.0,accuracy
941,470,0.04315703362226486,loss
942,471,1.0,accuracy
943,471,0.04297385737299919,loss
944,472,1.0,accuracy
945,472,0.042791981250047684,loss
946,473,1.0,accuracy
947,473,0.04261381924152374,loss
948,474,1.0,accuracy
949,474,0.0424700602889061,loss
950,475,1.0,accuracy
951,475,0.04229137301445007,loss
952,476,1.0,accuracy
953,476,0.042113855481147766,loss
954,477,1.0,accuracy
955,477,0.04193862900137901,loss
956,478,1.0,accuracy
957,478,0.04178114980459213,loss
958,479,1.0,accuracy
959,479,0.041629184037446976,loss
960,480,1.0,accuracy
961,480,0.041455794125795364,loss
962,481,1.0,accuracy
963,481,0.04128366708755493,loss
964,482,1.0,accuracy
965,482,0.04111289978027344,loss
966,483,1.0,accuracy
967,483,0.04096820950508118,loss
968,484,1.0,accuracy
969,484,0.04081375151872635,loss
970,485,1.0,accuracy
971,485,0.04064558818936348,loss
972,486,1.0,accuracy
973,486,0.040478553622961044,loss
974,487,1.0,accuracy
975,487,0.040313441306352615,loss
976,488,1.0,accuracy
977,488,0.04018351435661316,loss
978,489,1.0,accuracy
979,489,0.04001926630735397,loss
980,490,1.0,accuracy
981,490,0.0398561954498291,loss
982,491,1.0,accuracy
983,491,0.03969479352235794,loss
984,492,1.0,accuracy
985,492,0.03954947739839554,loss
986,493,1.0,accuracy
987,493,0.039411190897226334,loss
988,494,1.0,accuracy
989,494,0.039251748472452164,loss
990,495,1.0,accuracy
991,495,0.039093390107154846,loss
992,496,1.0,accuracy
993,496,0.03893614560365677,loss
994,497,1.0,accuracy
995,497,0.03880329802632332,loss
996,498,1.0,accuracy
997,498,0.038661498576402664,loss
998,499,1.0,accuracy
999,499,0.03850670903921127,loss
1000,500,1.0,accuracy
1001,500,0.03835289552807808,loss
1002,501,1.0,accuracy
1003,501,0.03820120543241501,loss
1004,502,1.0,accuracy
1005,502,0.03808172047138214,loss
1006,503,1.0,accuracy
1007,503,0.03793041780591011,loss
1008,504,1.0,accuracy
1009,504,0.03778011351823807,loss
1010,505,1.0,accuracy
1011,505,0.037631578743457794,loss
1012,506,1.0,accuracy
1013,506,0.037498839199543,loss
1014,507,1.0,accuracy
1015,507,0.03737042099237442,loss
1016,508,1.0,accuracy
1017,508,0.03722340241074562,loss
1018,509,1.0,accuracy
1019,509,0.037077341228723526,loss
1020,510,1.0,accuracy
1021,510,0.036932699382305145,loss
1022,511,1.0,accuracy
1023,511,0.03681206703186035,loss
1024,512,1.0,accuracy
1025,512,0.036679405719041824,loss
1026,513,1.0,accuracy
1027,513,0.03653648868203163,loss
1028,514,1.0,accuracy
1029,514,0.03639451786875725,loss
1030,515,1.0,accuracy
1031,515,0.036257751286029816,loss
1032,516,1.0,accuracy
1033,516,0.03614993393421173,loss
1034,517,1.0,accuracy
1035,517,0.03601020202040672,loss
1036,518,1.0,accuracy
1037,518,0.03587142378091812,loss
1038,519,1.0,accuracy
1039,519,0.03573601692914963,loss
1040,520,1.0,accuracy
1041,520,0.03561891242861748,loss
1042,521,1.0,accuracy
1043,521,0.035496145486831665,loss
1044,522,1.0,accuracy
1045,522,0.03536143898963928,loss
1046,523,1.0,accuracy
1047,523,0.035229843109846115,loss
1048,524,1.0,accuracy
1049,524,0.03509671986103058,loss
1050,525,1.0,accuracy
1051,525,0.0349876806139946,loss
1052,526,1.0,accuracy
1053,526,0.03486698493361473,loss
1054,527,1.0,accuracy
1055,527,0.03473441302776337,loss
1056,528,1.0,accuracy
1057,528,0.03460320085287094,loss
1058,529,1.0,accuracy
1059,529,0.03448064625263214,loss
1060,530,1.0,accuracy
1061,530,0.03437775373458862,loss
1062,531,1.0,accuracy
1063,531,0.0342484675347805,loss
1064,532,1.0,accuracy
1065,532,0.034123845398426056,loss
1066,533,1.0,accuracy
1067,533,0.033996984362602234,loss
1068,534,1.0,accuracy
1069,534,0.03388530761003494,loss
1070,535,1.0,accuracy
1071,535,0.03377791866660118,loss
1072,536,1.0,accuracy
1073,536,0.033652015030384064,loss
1074,537,1.0,accuracy
1075,537,0.03352729603648186,loss
1076,538,1.0,accuracy
1077,538,0.03340784087777138,loss
1078,539,1.0,accuracy
1079,539,0.03330443054437637,loss
1080,540,1.0,accuracy
1081,540,0.033192723989486694,loss
1082,541,1.0,accuracy
1083,541,0.03307277336716652,loss
1084,542,1.0,accuracy
1085,542,0.032950952649116516,loss
1086,543,1.0,accuracy
1087,543,0.03283315151929855,loss
1088,544,1.0,accuracy
1089,544,0.032742343842983246,loss
1090,545,1.0,accuracy
1091,545,0.032623227685689926,loss
1092,546,1.0,accuracy
1093,546,0.03250785917043686,loss
1094,547,1.0,accuracy
1095,547,0.03238919377326965,loss
1096,548,1.0,accuracy
1097,548,0.03228155896067619,loss
1098,549,1.0,accuracy
1099,549,0.03218503296375275,loss
1100,550,1.0,accuracy
1101,550,0.03206857293844223,loss
1102,551,1.0,accuracy
1103,551,0.03195669502019882,loss
1104,552,1.0,accuracy
1105,552,0.03184109926223755,loss
1106,553,1.0,accuracy
1107,553,0.03174539655447006,loss
1108,554,1.0,accuracy
1109,554,0.03164319694042206,loss
1110,555,1.0,accuracy
1111,555,0.031530436128377914,loss
1112,556,1.0,accuracy
1113,556,0.031420718878507614,loss
1114,557,1.0,accuracy
1115,557,0.03130894899368286,loss
1116,558,1.0,accuracy
1117,558,0.031226854771375656,loss
1118,559,1.0,accuracy
1119,559,0.031115178018808365,loss
1120,560,1.0,accuracy
1121,560,0.031006593257188797,loss
1122,561,1.0,accuracy
1123,561,0.03089841827750206,loss
1124,562,1.0,accuracy
1125,562,0.030797868967056274,loss
1126,563,1.0,accuracy
1127,563,0.03070951998233795,loss
1128,564,1.0,accuracy
1129,564,0.03060052916407585,loss
1130,565,1.0,accuracy
1131,565,0.03049679659307003,loss
1132,566,1.0,accuracy
1133,566,0.030389143154025078,loss
1134,567,1.0,accuracy
1135,567,0.030300792306661606,loss
1136,568,1.0,accuracy
1137,568,0.030205080285668373,loss
1138,569,1.0,accuracy
1139,569,0.030101217329502106,loss
1140,570,1.0,accuracy
1141,570,0.029997842386364937,loss
1142,571,1.0,accuracy
1143,571,0.02989395149052143,loss
1144,572,1.0,accuracy
1145,572,0.029815617948770523,loss
1146,573,1.0,accuracy
1147,573,0.029714254662394524,loss
1148,574,1.0,accuracy
1149,574,0.029614273458719254,loss
1150,575,1.0,accuracy
1151,575,0.02951107919216156,loss
1152,576,1.0,accuracy
1153,576,0.029418254271149635,loss
1154,577,1.0,accuracy
1155,577,0.029334358870983124,loss
1156,578,1.0,accuracy
1157,578,0.029237184673547745,loss
1158,579,1.0,accuracy
1159,579,0.02913607284426689,loss
1160,580,1.0,accuracy
1161,580,0.029039135202765465,loss
1162,581,1.0,accuracy
1163,581,0.028955062851309776,loss
1164,582,1.0,accuracy
1165,582,0.028867671266198158,loss
1166,583,1.0,accuracy
1167,583,0.028769122436642647,loss
1168,584,1.0,accuracy
1169,584,0.02867349609732628,loss
1170,585,1.0,accuracy
1171,585,0.028576677665114403,loss
1172,586,1.0,accuracy
1173,586,0.02850295417010784,loss
1174,587,1.0,accuracy
1175,587,0.02840924821794033,loss
1176,588,1.0,accuracy
1177,588,0.028315264731645584,loss
1178,589,1.0,accuracy
1179,589,0.02822037786245346,loss
1180,590,1.0,accuracy
1181,590,0.028132233768701553,loss
1182,591,1.0,accuracy
1183,591,0.028055431321263313,loss
1184,592,1.0,accuracy
1185,592,0.027963215485215187,loss
1186,593,1.0,accuracy
1187,593,0.027870113030076027,loss
1188,594,1.0,accuracy
1189,594,0.02777867205440998,loss
1190,595,1.0,accuracy
1191,595,0.027701985090970993,loss
1192,596,1.0,accuracy
1193,596,0.02761901542544365,loss
1194,597,1.0,accuracy
1195,597,0.02752711996436119,loss
1196,598,1.0,accuracy
1197,598,0.02743794396519661,loss
1198,599,1.0,accuracy
1199,599,0.027347194030880928,loss
1200,600,1.0,accuracy
1201,600,0.027280589565634727,loss
1202,601,1.0,accuracy
1203,601,0.0271898340433836,loss
1204,602,1.0,accuracy
1205,602,0.027102963998913765,loss
1206,603,1.0,accuracy
1207,603,0.027013057842850685,loss
1208,604,1.0,accuracy
1209,604,0.026937173679471016,loss
1210,605,1.0,accuracy
1211,605,0.026859944686293602,loss
1212,606,1.0,accuracy
1213,606,0.026774778962135315,loss
1214,607,1.0,accuracy
1215,607,0.026686688885092735,loss
1216,608,1.0,accuracy
1217,608,0.026602042838931084,loss
1218,609,1.0,accuracy
1219,609,0.026532035320997238,loss
1220,610,1.0,accuracy
1221,610,0.02645202726125717,loss
1222,611,1.0,accuracy
1223,611,0.02636696957051754,loss
1224,612,1.0,accuracy
1225,612,0.026282375678420067,loss
1226,613,1.0,accuracy
1227,613,0.026201561093330383,loss
1228,614,1.0,accuracy
1229,614,0.026134543120861053,loss
1230,615,1.0,accuracy
1231,615,0.026052488014101982,loss
1232,616,1.0,accuracy
1233,616,0.02596796676516533,loss
1234,617,1.0,accuracy
1235,617,0.025887222960591316,loss
1236,618,1.0,accuracy
1237,618,0.02581607736647129,loss
1238,619,1.0,accuracy
1239,619,0.025743607431650162,loss
1240,620,1.0,accuracy
1241,620,0.025661323219537735,loss
1242,621,1.0,accuracy
1243,621,0.025580789893865585,loss
1244,622,1.0,accuracy
1245,622,0.025500021874904633,loss
1246,623,1.0,accuracy
1247,623,0.025439094752073288,loss
1248,624,1.0,accuracy
1249,624,0.025360122323036194,loss
1250,625,1.0,accuracy
1251,625,0.025278979912400246,loss
1252,626,1.0,accuracy
1253,626,0.025201598182320595,loss
1254,627,1.0,accuracy
1255,627,0.025130469352006912,loss
1256,628,1.0,accuracy
1257,628,0.025063155218958855,loss
1258,629,1.0,accuracy
1259,629,0.024984534829854965,loss
1260,630,1.0,accuracy
1261,630,0.024906683713197708,loss
1262,631,1.0,accuracy
1263,631,0.02482973039150238,loss
1264,632,1.0,accuracy
1265,632,0.024770837277173996,loss
1266,633,1.0,accuracy
1267,633,0.024696221575140953,loss
1268,634,1.0,accuracy
1269,634,0.024618275463581085,loss
1270,635,1.0,accuracy
1271,635,0.02454322576522827,loss
1272,636,1.0,accuracy
1273,636,0.02447371929883957,loss
1274,637,1.0,accuracy
1275,637,0.02441011369228363,loss
1276,638,1.0,accuracy
1277,638,0.024335915222764015,loss
1278,639,1.0,accuracy
1279,639,0.024259770289063454,loss
1280,640,1.0,accuracy
1281,640,0.02418723702430725,loss
1282,641,1.0,accuracy
1283,641,0.02412852644920349,loss
1284,642,1.0,accuracy
1285,642,0.0240575410425663,loss
1286,643,1.0,accuracy
1287,643,0.023984476923942566,loss
1288,644,1.0,accuracy
1289,644,0.023910395801067352,loss
1290,645,1.0,accuracy
1291,645,0.023844247683882713,loss
1292,646,1.0,accuracy
1293,646,0.023783661425113678,loss
1294,647,1.0,accuracy
1295,647,0.023712124675512314,loss
1296,648,1.0,accuracy
1297,648,0.023640185594558716,loss
1298,649,1.0,accuracy
1299,649,0.023568201810121536,loss
1300,650,1.0,accuracy
1301,650,0.023513145744800568,loss
1302,651,1.0,accuracy
1303,651,0.023444538936018944,loss
1304,652,1.0,accuracy
1305,652,0.02337470091879368,loss
1306,653,1.0,accuracy
1307,653,0.02330419421195984,loss
1308,654,1.0,accuracy
1309,654,0.02323862724006176,loss
1310,655,1.0,accuracy
1311,655,0.023182909935712814,loss
1312,656,1.0,accuracy
1313,656,0.02311226911842823,loss
1314,657,1.0,accuracy
1315,657,0.023044006898999214,loss
1316,658,1.0,accuracy
1317,658,0.022975077852606773,loss
1318,659,1.0,accuracy
1319,659,0.022920846939086914,loss
1320,660,1.0,accuracy
1321,660,0.022856997326016426,loss
1322,661,1.0,accuracy
1323,661,0.022787928581237793,loss
1324,662,1.0,accuracy
1325,662,0.022720789536833763,loss
1326,663,1.0,accuracy
1327,663,0.022658489644527435,loss
1328,664,1.0,accuracy
1329,664,0.022602755576372147,loss
1330,665,1.0,accuracy
1331,665,0.022537389770150185,loss
1332,666,1.0,accuracy
1333,666,0.02247006446123123,loss
1334,667,1.0,accuracy
1335,667,0.022403964772820473,loss
1336,668,1.0,accuracy
1337,668,0.022353412583470345,loss
1338,669,1.0,accuracy
1339,669,0.022289471700787544,loss
1340,670,1.0,accuracy
1341,670,0.022224850952625275,loss
1342,671,1.0,accuracy
1343,671,0.02215966396033764,loss
1344,672,1.0,accuracy
1345,672,0.02210012450814247,loss
1346,673,1.0,accuracy
1347,673,0.02204759418964386,loss
1348,674,1.0,accuracy
1349,674,0.02198231779038906,loss
1350,675,1.0,accuracy
1351,675,0.02191844955086708,loss
1352,676,1.0,accuracy
1353,676,0.021855270490050316,loss
1354,677,1.0,accuracy
1355,677,0.021806804463267326,loss
1356,678,1.0,accuracy
1357,678,0.02174524962902069,loss
1358,679,1.0,accuracy
1359,679,0.021682273596525192,loss
1360,680,1.0,accuracy
1361,680,0.02161882072687149,loss
1362,681,1.0,accuracy
1363,681,0.02156504988670349,loss
1364,682,1.0,accuracy
1365,682,0.021510986611247063,loss
1366,683,1.0,accuracy
1367,683,0.021448783576488495,loss
1368,684,1.0,accuracy
1369,684,0.021388012915849686,loss
1370,685,1.0,accuracy
1371,685,0.021327273920178413,loss
1372,686,1.0,accuracy
1373,686,0.021280821412801743,loss
1374,687,1.0,accuracy
1375,687,0.021220313385128975,loss
1376,688,1.0,accuracy
1377,688,0.021158874034881592,loss
1378,689,1.0,accuracy
1379,689,0.02109941840171814,loss
1380,690,1.0,accuracy
1381,690,0.021050559356808662,loss
1382,691,1.0,accuracy
1383,691,0.02099459618330002,loss
1384,692,1.0,accuracy
1385,692,0.020935984328389168,loss
1386,693,1.0,accuracy
1387,693,0.02087610773742199,loss
1388,694,1.0,accuracy
1389,694,0.02082059346139431,loss
1390,695,1.0,accuracy
1391,695,0.020774127915501595,loss
1392,696,1.0,accuracy
1393,696,0.02071467414498329,loss
1394,697,1.0,accuracy
1395,697,0.02065606229007244,loss
1396,698,1.0,accuracy
1397,698,0.020598668605089188,loss
1398,699,1.0,accuracy
1399,699,0.020554127171635628,loss
1400,700,1.0,accuracy
1401,700,0.020497804507613182,loss
1402,701,1.0,accuracy
1403,701,0.02044099010527134,loss
1404,702,1.0,accuracy
1405,702,0.0203830748796463,loss
1406,703,1.0,accuracy
1407,703,0.020333508029580116,loss
1408,704,1.0,accuracy
1409,704,0.02028484456241131,loss
1410,705,1.0,accuracy
1411,705,0.020227523520588875,loss
1412,706,1.0,accuracy
1413,706,0.0201716311275959,loss
1414,707,1.0,accuracy
1415,707,0.02011784352362156,loss
1416,708,1.0,accuracy
1417,708,0.020073924213647842,loss
1418,709,1.0,accuracy
1419,709,0.020018640905618668,loss
1420,710,1.0,accuracy
1421,710,0.01996336318552494,loss
1422,711,1.0,accuracy
1423,711,0.01990753971040249,loss
1424,712,1.0,accuracy
1425,712,0.019865725189447403,loss
1426,713,1.0,accuracy
1427,713,0.019813302904367447,loss
1428,714,1.0,accuracy
1429,714,0.01975809410214424,loss
1430,715,1.0,accuracy
1431,715,0.019704271107912064,loss
1432,716,1.0,accuracy
1433,716,0.019656138494610786,loss
1434,717,1.0,accuracy
1435,717,0.01961047761142254,loss
1436,718,1.0,accuracy
1437,718,0.019557049497961998,loss
1438,719,1.0,accuracy
1439,719,0.01950375735759735,loss
1440,720,1.0,accuracy
1441,720,0.019450312480330467,loss
1442,721,1.0,accuracy
1443,721,0.0194111205637455,loss
1444,722,1.0,accuracy
1445,722,0.019358603283762932,loss
1446,723,1.0,accuracy
1447,723,0.019305335357785225,loss
1448,724,1.0,accuracy
1449,724,0.01925317570567131,loss
1450,725,1.0,accuracy
1451,725,0.01921163685619831,loss
1452,726,1.0,accuracy
1453,726,0.01916292868554592,loss
1454,727,1.0,accuracy
1455,727,0.019111044704914093,loss
1456,728,1.0,accuracy
1457,728,0.019059963524341583,loss
1458,729,1.0,accuracy
1459,729,0.019013086333870888,loss
1460,730,1.0,accuracy
1461,730,0.018970197066664696,loss
1462,731,1.0,accuracy
1463,731,0.01891995593905449,loss
1464,732,1.0,accuracy
1465,732,0.018868565559387207,loss
1466,733,1.0,accuracy
1467,733,0.018822040408849716,loss
1468,734,1.0,accuracy
1469,734,0.01879289373755455,loss
1470,735,1.0,accuracy
1471,735,0.018741915002465248,loss
1472,736,1.0,accuracy
1473,736,0.018691206350922585,loss
1474,737,1.0,accuracy
1475,737,0.01864193007349968,loss
1476,738,1.0,accuracy
1477,738,0.01859205961227417,loss
1478,739,1.0,accuracy
1479,739,0.018542306497693062,loss
1480,740,1.0,accuracy
1481,740,0.018499374389648438,loss
1482,741,1.0,accuracy
1483,741,0.018469223752617836,loss
1484,742,1.0,accuracy
1485,742,0.018419593572616577,loss
1486,743,1.0,accuracy
1487,743,0.01837046444416046,loss
1488,744,1.0,accuracy
1489,744,0.018322527408599854,loss
1490,745,1.0,accuracy
1491,745,0.01827370747923851,loss
1492,746,1.0,accuracy
1493,746,0.01822558231651783,loss
1494,747,1.0,accuracy
1495,747,0.01818251423537731,loss
1496,748,1.0,accuracy
1497,748,0.018154412508010864,loss
1498,749,1.0,accuracy
1499,749,0.01810600981116295,loss
1500,750,1.0,accuracy
1501,750,0.018058836460113525,loss
1502,751,1.0,accuracy
1503,751,0.018011458218097687,loss
1504,752,1.0,accuracy
1505,752,0.017963822931051254,loss
1506,753,1.0,accuracy
1507,753,0.017917616292834282,loss
1508,754,1.0,accuracy
1509,754,0.017875660210847855,loss
1510,755,1.0,accuracy
1511,755,0.017847752198576927,loss
1512,756,1.0,accuracy
1513,756,0.01780073344707489,loss
1514,757,1.0,accuracy
1515,757,0.01775520294904709,loss
1516,758,1.0,accuracy
1517,758,0.01770845055580139,loss
1518,759,1.0,accuracy
1519,759,0.017662066966295242,loss
1520,760,1.0,accuracy
1521,760,0.017617564648389816,loss
1522,761,1.0,accuracy
1523,761,0.01757803000509739,loss
1524,762,1.0,accuracy
1525,762,0.01754903979599476,loss
1526,763,1.0,accuracy
1527,763,0.017503777518868446,loss
1528,764,1.0,accuracy
1529,764,0.01745879463851452,loss
1530,765,1.0,accuracy
1531,765,0.017413264140486717,loss
1532,766,1.0,accuracy
1533,766,0.017368625849485397,loss
1534,767,1.0,accuracy
1535,767,0.017324713990092278,loss
1536,768,1.0,accuracy
1537,768,0.017288938164711,loss
1538,769,1.0,accuracy
1539,769,0.017258012667298317,loss
1540,770,1.0,accuracy
1541,770,0.017214391380548477,loss
1542,771,1.0,accuracy
1543,771,0.01717006042599678,loss
1544,772,1.0,accuracy
1545,772,0.01712566800415516,loss
1546,773,1.0,accuracy
1547,773,0.017082640901207924,loss
1548,774,1.0,accuracy
1549,774,0.01703944243490696,loss
1550,775,1.0,accuracy
1551,775,0.01700572296977043,loss
1552,776,1.0,accuracy
1553,776,0.016962675377726555,loss
1554,777,1.0,accuracy
1555,777,0.01692044548690319,loss
1556,778,1.0,accuracy
1557,778,0.01688659004867077,loss
1558,779,1.0,accuracy
1559,779,0.016856076195836067,loss
1560,780,1.0,accuracy
1561,780,0.01681382581591606,loss
1562,781,1.0,accuracy
1563,781,0.016771193593740463,loss
1564,782,1.0,accuracy
1565,782,0.016728438436985016,loss
1566,783,1.0,accuracy
1567,783,0.016687000170350075,loss
1568,784,1.0,accuracy
1569,784,0.016645370051264763,loss
1570,785,1.0,accuracy
1571,785,0.016616057604551315,loss
1572,786,1.0,accuracy
1573,786,0.016582898795604706,loss
1574,787,1.0,accuracy
1575,787,0.016542015597224236,loss
1576,788,1.0,accuracy
1577,788,0.016500040888786316,loss
1578,789,1.0,accuracy
1579,789,0.016458256170153618,loss
1580,790,1.0,accuracy
1581,790,0.0164180900901556,loss
1582,791,1.0,accuracy
1583,791,0.01637730747461319,loss
1584,792,1.0,accuracy
1585,792,0.01634562946856022,loss
1586,793,1.0,accuracy
1587,793,0.01630534790456295,loss
1588,794,1.0,accuracy
1589,794,0.016266366466879845,loss
1590,795,1.0,accuracy
1591,795,0.016235992312431335,loss
1592,796,1.0,accuracy
1593,796,0.016195356845855713,loss
1594,797,1.0,accuracy
1595,797,0.016155820339918137,loss
1596,798,1.0,accuracy
1597,798,0.016119569540023804,loss
1598,799,1.0,accuracy
1599,799,0.016084926202893257,loss
1600,800,1.0,accuracy
1601,800,0.016045929864048958,loss
1602,801,1.0,accuracy
1603,801,0.016009284183382988,loss
1604,802,1.0,accuracy
1605,802,0.015978073701262474,loss
1606,803,1.0,accuracy
1607,803,0.01593868061900139,loss
1608,804,1.0,accuracy
1609,804,0.01589985191822052,loss
1610,805,1.0,accuracy
1611,805,0.01586986891925335,loss
1612,806,1.0,accuracy
1613,806,0.015841804444789886,loss
1614,807,1.0,accuracy
1615,807,0.01580333150923252,loss
1616,808,1.0,accuracy
1617,808,0.015764525160193443,loss
1618,809,1.0,accuracy
1619,809,0.01572556607425213,loss
1620,810,1.0,accuracy
1621,810,0.01568763703107834,loss
1622,811,1.0,accuracy
1623,811,0.015653107315301895,loss
1624,812,1.0,accuracy
1625,812,0.015620528720319271,loss
1626,813,1.0,accuracy
1627,813,0.015582605265080929,loss
1628,814,1.0,accuracy
1629,814,0.01554572582244873,loss
1630,815,1.0,accuracy
1631,815,0.015522689558565617,loss
1632,816,1.0,accuracy
1633,816,0.015489787794649601,loss
1634,817,1.0,accuracy
1635,817,0.015452291816473007,loss
1636,818,1.0,accuracy
1637,818,0.015415111556649208,loss
1638,819,1.0,accuracy
1639,819,0.015377483330667019,loss
1640,820,1.0,accuracy
1641,820,0.015340661630034447,loss
1642,821,1.0,accuracy
1643,821,0.015307940542697906,loss
1644,822,1.0,accuracy
1645,822,0.015286825597286224,loss
1646,823,1.0,accuracy
1647,823,0.01524956151843071,loss
1648,824,1.0,accuracy
1649,824,0.01521325297653675,loss
1650,825,1.0,accuracy
1651,825,0.015176698565483093,loss
1652,826,1.0,accuracy
1653,826,0.015140140429139137,loss
1654,827,1.0,accuracy
1655,827,0.015104462392628193,loss
1656,828,1.0,accuracy
1657,828,0.015077408403158188,loss
1658,829,1.0,accuracy
1659,829,0.015041307546198368,loss
1660,830,1.0,accuracy
1661,830,0.015005449764430523,loss
1662,831,1.0,accuracy
1663,831,0.014982564374804497,loss
1664,832,1.0,accuracy
1665,832,0.014953641220927238,loss
1666,833,1.0,accuracy
1667,833,0.014917622320353985,loss
1668,834,1.0,accuracy
1669,834,0.014882133342325687,loss
1670,835,1.0,accuracy
1671,835,0.014847319573163986,loss
1672,836,1.0,accuracy
1673,836,0.014812112785875797,loss
1674,837,1.0,accuracy
1675,837,0.014779788441956043,loss
1676,838,1.0,accuracy
1677,838,0.014761494472622871,loss
1678,839,1.0,accuracy
1679,839,0.014726143330335617,loss
1680,840,1.0,accuracy
1681,840,0.014690978452563286,loss
1682,841,1.0,accuracy
1683,841,0.014656636863946915,loss
1684,842,1.0,accuracy
1685,842,0.014622613787651062,loss
1686,843,1.0,accuracy
1687,843,0.014588290825486183,loss
1688,844,1.0,accuracy
1689,844,0.014565838500857353,loss
1690,845,1.0,accuracy
1691,845,0.014538845047354698,loss
1692,846,1.0,accuracy
1693,846,0.014504332095384598,loss
1694,847,1.0,accuracy
1695,847,0.014469977468252182,loss
1696,848,1.0,accuracy
1697,848,0.01443659421056509,loss
1698,849,1.0,accuracy
1699,849,0.01440327800810337,loss
1700,850,1.0,accuracy
1701,850,0.014373518526554108,loss
1702,851,1.0,accuracy
1703,851,0.014344258233904839,loss
1704,852,1.0,accuracy
1705,852,0.014311788603663445,loss
1706,853,1.0,accuracy
1707,853,0.014281932264566422,loss
1708,854,1.0,accuracy
1709,854,0.014262940734624863,loss
1710,855,1.0,accuracy
1711,855,0.014229705557227135,loss
1712,856,1.0,accuracy
1713,856,0.014197082258760929,loss
1714,857,1.0,accuracy
1715,857,0.014164028689265251,loss
1716,858,1.0,accuracy
1717,858,0.014131326228380203,loss
1718,859,1.0,accuracy
1719,859,0.01409965194761753,loss
1720,860,1.0,accuracy
1721,860,0.014080263674259186,loss
1722,861,1.0,accuracy
1723,861,0.014051863923668861,loss
1724,862,1.0,accuracy
1725,862,0.014019383117556572,loss
1726,863,1.0,accuracy
1727,863,0.01398751325905323,loss
1728,864,1.0,accuracy
1729,864,0.013955259695649147,loss
1730,865,1.0,accuracy
1731,865,0.013923296704888344,loss
1732,866,1.0,accuracy
1733,866,0.01389888022094965,loss
1734,867,1.0,accuracy
1735,867,0.013877361081540585,loss
1736,868,1.0,accuracy
1737,868,0.013845281675457954,loss
1738,869,1.0,accuracy
1739,869,0.013813654892146587,loss
1740,870,1.0,accuracy
1741,870,0.013782573863863945,loss
1742,871,1.0,accuracy
1743,871,0.013751238584518433,loss
1744,872,1.0,accuracy
1745,872,0.013722743839025497,loss
1746,873,1.0,accuracy
1747,873,0.01369732990860939,loss
1748,874,1.0,accuracy
1749,874,0.013666205108165741,loss
1750,875,1.0,accuracy
1751,875,0.013637409545481205,loss
1752,876,1.0,accuracy
1753,876,0.01361317839473486,loss
1754,877,1.0,accuracy
1755,877,0.013582807965576649,loss
1756,878,1.0,accuracy
1757,878,0.013553140684962273,loss
1758,879,1.0,accuracy
1759,879,0.013528859242796898,loss
1760,880,1.0,accuracy
1761,880,0.013498879037797451,loss
1762,881,1.0,accuracy
1763,881,0.013468895107507706,loss
1764,882,1.0,accuracy
1765,882,0.013449924997985363,loss
1766,883,1.0,accuracy
1767,883,0.013424576260149479,loss
1768,884,1.0,accuracy
1769,884,0.013394772075116634,loss
1770,885,1.0,accuracy
1771,885,0.013364611193537712,loss
1772,886,1.0,accuracy
1773,886,0.013334532268345356,loss
1774,887,1.0,accuracy
1775,887,0.01330510713160038,loss
1776,888,1.0,accuracy
1777,888,0.013282294385135174,loss
1778,889,1.0,accuracy
1779,889,0.01326212752610445,loss
1780,890,1.0,accuracy
1781,890,0.013232228346168995,loss
1782,891,1.0,accuracy
1783,891,0.013202991336584091,loss
1784,892,1.0,accuracy
1785,892,0.013173738494515419,loss
1786,893,1.0,accuracy
1787,893,0.01314445212483406,loss
1788,894,1.0,accuracy
1789,894,0.013119489885866642,loss
1790,895,1.0,accuracy
1791,895,0.013094216585159302,loss
1792,896,1.0,accuracy
1793,896,0.0130652766674757,loss
1794,897,1.0,accuracy
1795,897,0.013040134683251381,loss
1796,898,1.0,accuracy
1797,898,0.013023135252296925,loss
1798,899,1.0,accuracy
1799,899,0.012994789518415928,loss
1800,900,1.0,accuracy
1801,900,0.01296580396592617,loss
1802,901,1.0,accuracy
1803,901,0.012937141582369804,loss
1804,902,1.0,accuracy
1805,902,0.012909424491226673,loss
1806,903,1.0,accuracy
1807,903,0.012881905771791935,loss
1808,904,1.0,accuracy
1809,904,0.012859889306128025,loss
1810,905,1.0,accuracy
1811,905,0.012831809930503368,loss
1812,906,1.0,accuracy
1813,906,0.012807690538465977,loss
1814,907,1.0,accuracy
1815,907,0.01278428640216589,loss
1816,908,1.0,accuracy
1817,908,0.012756089679896832,loss
1818,909,1.0,accuracy
1819,909,0.012728995643556118,loss
1820,910,1.0,accuracy
1821,910,0.012708179652690887,loss
1822,911,1.0,accuracy
1823,911,0.012680509127676487,loss
1824,912,1.0,accuracy
1825,912,0.012652909383177757,loss
1826,913,1.0,accuracy
1827,913,0.01263779029250145,loss
1828,914,1.0,accuracy
1829,914,0.012613707222044468,loss
1830,915,1.0,accuracy
1831,915,0.012586035765707493,loss
1832,916,1.0,accuracy
1833,916,0.012558463960886002,loss
1834,917,1.0,accuracy
1835,917,0.012531884014606476,loss
1836,918,1.0,accuracy
1837,918,0.01250478532165289,loss
1838,919,1.0,accuracy
1839,919,0.012486695311963558,loss
1840,920,1.0,accuracy
1841,920,0.012465582229197025,loss
1842,921,1.0,accuracy
1843,921,0.012439122423529625,loss
1844,922,1.0,accuracy
1845,922,0.012412023730576038,loss
1846,923,1.0,accuracy
1847,923,0.012385246343910694,loss
1848,924,1.0,accuracy
1849,924,0.01235925406217575,loss
1850,925,1.0,accuracy
1851,925,0.012339351698756218,loss
1852,926,1.0,accuracy
1853,926,0.01232085470110178,loss
1854,927,1.0,accuracy
1855,927,0.012294154614210129,loss
1856,928,1.0,accuracy
1857,928,0.01226823590695858,loss
1858,929,1.0,accuracy
1859,929,0.012242035940289497,loss
1860,930,1.0,accuracy
1861,930,0.012215910479426384,loss
1862,931,1.0,accuracy
1863,931,0.01219511404633522,loss
1864,932,1.0,accuracy
1865,932,0.012171215377748013,loss
1866,933,1.0,accuracy
1867,933,0.012145333923399448,loss
1868,934,1.0,accuracy
1869,934,0.012125987559556961,loss
1870,935,1.0,accuracy
1871,935,0.012107837945222855,loss
1872,936,1.0,accuracy
1873,936,0.01208253763616085,loss
1874,937,1.0,accuracy
1875,937,0.012056727893650532,loss
1876,938,1.0,accuracy
1877,938,0.012031249701976776,loss
1878,939,1.0,accuracy
1879,939,0.012006331235170364,loss
1880,940,1.0,accuracy
1881,940,0.011985254473984241,loss
1882,941,1.0,accuracy
1883,941,0.011969669722020626,loss
1884,942,1.0,accuracy
1885,942,0.011944202706217766,loss
1886,943,1.0,accuracy
1887,943,0.0119193559512496,loss
1888,944,1.0,accuracy
1889,944,0.011894375085830688,loss
1890,945,1.0,accuracy
1891,945,0.011869410052895546,loss
1892,946,1.0,accuracy
1893,946,0.011848535388708115,loss
1894,947,1.0,accuracy
1895,947,0.011826659552752972,loss
1896,948,1.0,accuracy
1897,948,0.011801937595009804,loss
1898,949,1.0,accuracy
1899,949,0.011782418005168438,loss
1900,950,1.0,accuracy
1901,950,0.011766040697693825,loss
1902,951,1.0,accuracy
1903,951,0.01174191478639841,loss
1904,952,1.0,accuracy
1905,952,0.011717269197106361,loss
1906,953,1.0,accuracy
1907,953,0.011692848987877369,loss
1908,954,1.0,accuracy
1909,954,0.011668913997709751,loss
1910,955,1.0,accuracy
1911,955,0.011648445390164852,loss
1912,956,1.0,accuracy
1913,956,0.011634104885160923,loss
1914,957,1.0,accuracy
1915,957,0.011609654873609543,loss
1916,958,1.0,accuracy
1917,958,0.011585792526602745,loss
1918,959,1.0,accuracy
1919,959,0.011562085710465908,loss
1920,960,1.0,accuracy
1921,960,0.011538228020071983,loss
1922,961,1.0,accuracy
1923,961,0.011517820879817009,loss
1924,962,1.0,accuracy
1925,962,0.011497351340949535,loss
1926,963,1.0,accuracy
1927,963,0.011473693884909153,loss
1928,964,1.0,accuracy
1929,964,0.011454817838966846,loss
1930,965,1.0,accuracy
1931,965,0.011439502239227295,loss
1932,966,1.0,accuracy
1933,966,0.011416156776249409,loss
1934,967,1.0,accuracy
1935,967,0.011392734944820404,loss
1936,968,1.0,accuracy
1937,968,0.011369348503649235,loss
1938,969,1.0,accuracy
1939,969,0.011346237733960152,loss
1940,970,1.0,accuracy
1941,970,0.011327259242534637,loss
1942,971,1.0,accuracy
1943,971,0.011313184164464474,loss
1944,972,1.0,accuracy
1945,972,0.011289825662970543,loss
1946,973,1.0,accuracy
1947,973,0.011266745626926422,loss
1948,974,1.0,accuracy
1949,974,0.011244204826653004,loss
1950,975,1.0,accuracy
1951,975,0.011221380904316902,loss
1952,976,1.0,accuracy
1953,976,0.011202226392924786,loss
1954,977,1.0,accuracy
1955,977,0.01118188351392746,loss
1956,978,1.0,accuracy
1957,978,0.011159631423652172,loss
1958,979,1.0,accuracy
1959,979,0.011142764240503311,loss
1960,980,1.0,accuracy
1961,980,0.011126944795250893,loss
1962,981,1.0,accuracy
1963,981,0.011104396544396877,loss
1964,982,1.0,accuracy
1965,982,0.011082174256443977,loss
1966,983,1.0,accuracy
1967,983,0.011059777811169624,loss
1968,984,1.0,accuracy
1969,984,0.011037498712539673,loss
1970,985,1.0,accuracy
1971,985,0.011021304875612259,loss
1972,986,1.0,accuracy
1973,986,0.011006082408130169,loss
1974,987,1.0,accuracy
1975,987,0.01098370086401701,loss
1976,988,1.0,accuracy
1977,988,0.010961375199258327,loss
1978,989,1.0,accuracy
1979,989,0.010939789935946465,loss
1980,990,1.0,accuracy
1981,990,0.010918018408119678,loss
1982,991,1.0,accuracy
1983,991,0.01090201549232006,loss
1984,992,1.0,accuracy
1985,992,0.010886493138968945,loss
1986,993,1.0,accuracy
1987,993,0.01086490135639906,loss
1988,994,1.0,accuracy
1989,994,0.010843172669410706,loss
1990,995,1.0,accuracy
1991,995,0.010821628384292126,loss
1992,996,1.0,accuracy
1993,996,0.010800516232848167,loss
1994,997,1.0,accuracy
1995,997,0.010784712620079517,loss
1996,998,1.0,accuracy
1997,998,0.01076329592615366,loss
1998,999,1.0,accuracy
1999,999,0.010741936042904854,loss
